headline,url
Trump’s assault on the US Supreme Court enters a decisive year,https://english.elpais.com/usa/2026-10-05/trumps-assault-on-the-us-supreme-court-enters-a-decisive-year.html
Cornell case: an ‘institutional betrayal’ of victims in the post #MeToo era,https://english.elpais.com/education/2026-10-05/cornell-case-an-institutional-betrayal-of-victims-in-the-post-metoo-era.html
The dark side of Starship’s success: Musk sidelines NASA in his bid to dominate space,https://english.elpais.com/science-tech/2026-10-05/the-dark-side-of-starships-success-musk-sidelines-nasa-in-his-bid-to-dominate-space.html
Colombia and Ecuador step up hunt for Ecuadorian gang leaders,https://english.elpais.com/international/2026-10-05/colombia-and-ecuador-forge-alliance-to-crack-down-on-ecuadorian-criminals-hiding-across-the-border.html
Bolsonaro defeats Lula in the first round and brings Brazil’s far right closer to power,https://english.elpais.com/international/2026-10-05/bolsonaro-defeats-lula-in-the-first-round-and-brings-brazils-far-right-closer-to-power.html
Spain calls snap election as housing protests spread nationwide,https://english.elpais.com/international/2026-10-05/spain-calls-snap-election-as-housing-protests-spread-nationwide.html
Has Trump’s luck run out? Now who will woo the Latino vote...,https://english.elpais.com/opinion/2026-10-03/has-trumps-luck-run-out-now-who-will-woo-the-latino-vote.html
"Three Colombians deported by Trump to Africa seek protection in Spain: ‘I don’t feel anger toward Congo, I feel it toward the US’",https://english.elpais.com/international/2026-10-03/three-colombians-deported-by-trump-to-africa-seek-protection-in-spain-i-dont-feel-anger-toward-congo-i-feel-it-toward-the-us.html
"Shell companies, Kyrgyz firms, and cryptocurrencies: The Kremlin’s phantom network to evade sanctions",https://english.elpais.com/international/2026-10-03/shell-companies-kyrgyz-firms-and-cryptocurrencies-the-kremlins-phantom-network-to-evade-sanctions.html
"AI’s top leaders, like children afraid of a bully",https://english.elpais.com/technology/2026-10-03/ais-top-leaders-like-children-afraid-of-a-bully.html
"Carl Cederström, sociologist: ‘Wellness has become a corporate tool. It doesn’t make you happier; just more productive’",https://english.elpais.com/health/2026-10-04/carl-cederstrom-sociologist-wellness-has-become-a-corporate-tool-it-doesnt-make-you-happier-just-more-productive.html
"The migration routes of pollution: How ozone, Saharan dust and wildfire smoke cross borders",https://english.elpais.com/climate/2026-10-04/the-migration-routes-of-pollution-how-ozone-saharan-dust-and-wildfire-smoke-cross-borders.html
Cannons and the glow after the crisis: ‘Good things really come from getting through tough times together’,https://english.elpais.com/culture/2026-10-05/cannons-and-the-glow-after-the-crisis-good-things-really-come-from-getting-through-tough-times-together.html
"Maxx yourself, squeeze yourself dry: The unhealthy obsession with optimizing everything",https://english.elpais.com/society/2026-10-04/maxx-yourself-squeeze-yourself-dry-the-unhealthy-obsession-with-optimizing-everything.html
"Lili Reinhart, the actress looking for success away from Hollywood clichés",https://english.elpais.com/culture/2026-10-04/lili-reinhart-the-actress-looking-for-success-away-from-hollywood-cliches.html
"Mount Athos, the Greek stronghold that bans women from entering",https://english.elpais.com/travel/2026-10-03/mount-athos-the-greek-stronghold-that-bans-women-from-entering.html
The search for life on Mars begins with ‘Charlie’ in Spain’s Almería desert,https://english.elpais.com/science-tech/2026-10-03/the-search-for-life-on-mars-begins-with-charlie-in-spains-almeria-desert.html
"Victor Glover, Artemis 2 pilot: ‘This race, for us, is not about beating China to the Moon. We will, but this race is to get humans to Mars’",https://english.elpais.com/science-tech/2026-10-03/victor-glover-artemis-2-pilot-this-race-for-us-is-not-about-beating-china-to-the-moon-we-will-but-this-race-is-to-get-humans-to-mars.html
New ‘atlas’ of respiratory infections suggests Covid is no longer just a winter virus,https://english.elpais.com/health/2026-10-02/new-atlas-of-respiratory-infections-suggests-covid-is-no-longer-just-a-winter-virus.html
"Juan Luis Arsuaga, paleontologist: ‘Corruption is very Paleolithic, very chimpanzee-like’",https://english.elpais.com/science-tech/2026-10-03/juan-luis-arsuaga-paleontologist-corruption-is-very-paleolithic-very-chimpanzee-like.html
"Brett Christophers, economic geographer: ‘In contemporary capitalism, the right to housing does not exist’",https://english.elpais.com/economy-and-business/2026-10-01/brett-christophers-economic-geographer-in-contemporary-capitalism-the-right-to-housing-does-not-exist.html
"The founders of On, the phenomenon attracting Mbappé and Zendaya",https://english.elpais.com/lifestyle/2026-09-28/the-founders-of-on-the-phenomenon-attracting-kylian-mbappe-and-zendaya-cost-is-not-a-limiting-factor-our-followers-are-willing-to-pay.html
"Trump’s broken promise on crypto: a gold mine for his empire, multimillion-dollar losses for investors",https://english.elpais.com/economy-and-business/2026-09-28/trumps-broken-promise-on-crypto-a-gold-mine-for-his-empire-multimillion-dollar-losses-for-investors.html
The yield on the US 10-year Treasury reached its highest level in two decades. Why should you care?,https://english.elpais.com/economy-and-business/2026-09-30/the-yield-on-the-us-10-year-treasury-reached-its-highest-level-in-two-decades-why-should-you-care.html
Culture refocuses attention on the Palestinian cause: ‘It has always been central to political struggle’,https://english.elpais.com/culture/2026-10-03/culture-refocuses-attention-on-the-palestinian-cause-it-has-always-been-central-to-political-struggle.html
"Tom Cruise vs. the world: Actor faces jokes about his age, his Oscar bid, and his return to the media spotlight",https://english.elpais.com/culture/2026-10-02/tom-cruise-vs-the-world-his-age-his-oscar-bid-and-media-coverage-mocked.html
"Jahel Queralt, essayist: ‘Those who most criticize meritocracy are those who need it the least’",https://english.elpais.com/society/2026-10-02/jahel-queralt-essayist-those-who-most-criticize-meritocracy-are-those-who-need-it-the-least.html
Eric Sadin: ‘AI reeks of death’,https://english.elpais.com/culture/2026-10-01/eric-sadin-ai-reeks-of-death.html
Naomi Lautier: The pure talent of a 14-year-old creator living between autism and the art world ,https://english.elpais.com/culture/2026-09-27/naomi-lautier-the-pure-talent-of-a-14-year-old-creator-living-between-autism-and-the-art-world.html
Turning offices into homes: Manhattan’s solution to its housing crisis... but with some risks,https://english.elpais.com/usa/2026-09-24/turning-offices-into-homes-manhattans-solution-to-its-housing-crisis-but-with-some-risks.html
"The just-world hypothesis and other mental traps that guide us, but that we can avoid",https://english.elpais.com/eps/2026-10-01/the-just-world-hypothesis-and-other-mental-traps-that-guide-us-but-that-we-can-avoid.html
"Johnny Cross, ‘the vegan butcher’: ‘I’ve been in the world 34 years and I’ve never eaten meat or fish, and I’m alive, I’m healthy’",https://english.elpais.com/lifestyle/2026-09-29/johnny-cross-the-vegan-butcher-ive-been-in-the-world-34-years-and-ive-never-eaten-meat-or-fish-and-im-alive-im-healthy.html
"Life and death by email: ‘How do you believe in God, professor?’",https://english.elpais.com/eps/2026-09-29/life-and-death-by-email-how-do-you-believe-in-god-professor.html
"The miracle of ‘Romeo + Juliet’: How Leonardo DiCaprio, Claire Danes and Baz Luhrmann reinvented Shakespeare",https://english.elpais.com/culture/2026-09-24/the-miracle-of-romeo-juliet-how-leonardo-dicaprio-claire-danes-and-baz-luhrmann-reinvented-shakespeare.html
Surviving Hurricane Otis: Mexican director Jorge Michel Grau crafts ambitious film about two sailors who lived to tell the tale,https://english.elpais.com/culture/2026-09-30/surviving-hurricane-otis-mexican-director-jorge-michel-grau-crafts-ambitious-film-about-two-sailors-who-lived-to-tell-the-tale.html
"The epic life of Schwarzenegger, a bodybuilder-turned-legend: ‘If he had been born in the US he would be president’",https://english.elpais.com/people/2026-09-21/the-epic-life-of-schwarzenegger-a-bodybuilder-turned-legend-if-he-had-been-born-in-the-us-he-would-be-president.html
"‘Diva time’: Rihanna arrives in Paris, while the industry watches the clock",https://english.elpais.com/culture/2026-09-30/diva-time-rihanna-arrives-in-paris-while-the-industry-watches-the-clock.html
The bursting of the Cristiano Ronaldo bubble,https://english.elpais.com/sports/2026-10-02/the-popping-of-the-cristiano-ronaldo-bubble.html
Charles Spencer: ‘The tragedy of the royal family was not knowing how to embrace the opportunity that my sister Diana represented’ ,https://english.elpais.com/people/2026-09-30/charles-spencer-the-tragedy-of-the-royal-family-was-not-knowing-how-to-embrace-the-opportunity-that-my-sister-diana-represented.html
"Alejandro G. Iñárritu: ‘Tom Cruise loved this film because it freed him from the handsome, strong man that he is’",https://english.elpais.com/culture/2026-10-02/alejandro-g-inarritu-tom-cruise-loved-this-film-because-it-freed-him-from-the-handsome-strong-man-that-he-is.html
‘The truth is Cuba has already fallen’: the United States’ strategy to subdue the island,https://english.elpais.com/international/2026-10-02/the-truth-is-cuba-has-already-fallen-the-united-states-strategy-to-subdue-the-island.html
"Volodymyr Zelenskiy to EL PAÍS, on the new Russian offensive against Kyiv: ‘Putin isn’t afraid of Europeans’",https://english.elpais.com/international/2026-10-02/volodymyr-zelenskiy-to-el-pais-on-the-new-russian-offensive-against-kyiv-putin-isnt-afraid-of-europeans.html
Listen now LOS40 USA,https://los40.us/
EL PAÍS offers free Spanish lessons with Gymglish,https://english.elpais.com/economy-and-business/2021-11-15/el-pais-offers-free-spanish-lessons-with-gymglish.html
Hegseth transforms the Pentagon in his image,https://english.elpais.com/usa/2026-10-01/hegseth-transforms-the-pentagon-in-his-image.html
More Republicans warn nominating Ken Paxton was a ‘mistake’ and expect Texas Senate seat to be lost ,https://english.elpais.com/usa/2026-09-29/more-republicans-warn-nominating-ken-paxton-was-a-mistake-and-expect-texas-senate-seat-to-be-lost.html
Vladimir Putin militarizes the Russian parliament,https://english.elpais.com/international/2026-09-22/vladimir-putin-militarizes-the-russian-parliament.html
Canadians welcome the move toward the EU with pleasure and caution: ‘Something enormous is underway’,https://english.elpais.com/international/2026-09-22/canadians-welcome-the-move-toward-the-eu-with-pleasure-and-caution-something-enormous-is-underway.html
"US Treasury targets ‘Mayito Flaco’ network, including Baja California governor’s ex-husband",https://english.elpais.com/international/2026-09-30/us-treasury-targets-mayito-flaco-network-including-baja-california-governors-ex-husband.html
Two dozen children vs Pablo Escobar’s hippo: The legal battle to get to a Colombian school,https://english.elpais.com/international/2026-09-28/two-dozen-children-vs-pablo-escobars-hippo-the-legal-battle-to-get-to-a-colombian-school.html
From Airbnb to stray cats: Trump’s childhood home in Queens sells for $2 million,https://english.elpais.com/usa/2026-09-21/from-airbnb-to-stray-cats-trumps-childhood-home-in-queens-sells-for-2-million.html
An economic paradox: When savings are both a good and a bad idea,https://english.elpais.com/international/2026-09-09/how-venezuela-pushed-aside-a-local-oil-company-to-make-way-for-new-us-partners-they-simply-took-the-assets-and-disappeared.html
Trump escalates his campaign against Washington’s cultural institutions,https://english.elpais.com/usa/2026-09-17/trump-escalates-his-campaign-against-washingtons-cultural-institutions.html
"Nacho Valle, the gallerist who traded art for sardines in New York",https://english.elpais.com/culture/2026-09-10/nacho-valle-the-gallerist-who-traded-art-for-sardines-in-new-york.html
Feather trapped in dinosaur droppings provides new clues about why some birds survived extinction,https://english.elpais.com/science-tech/2026-09-10/a-feather-trapped-in-dinosaur-droppings-provides-new-clues-about-why-some-birds-survived-extinction.html
"Héctor Socas, astrophysicist: ‘If a more advanced civilization contacted us, they should be more afraid of us than we are of them’",https://english.elpais.com/science-tech/2026-09-09/hector-socas-astrophysicist-if-a-more-advanced-civilization-contacted-us-they-should-be-more-afraid-of-us-than-we-are-of-them.html
"Maricarmen, elderly woman evicted from home in Spain, becomes a global symbol for housing activists",https://english.elpais.com/spain/2026-09-28/maricarmen-elderly-woman-evicted-from-home-in-spain-becomes-a-global-symbol-for-housing-activists.html
"A sheriff’s office, saloon, and gallows: Sergio Leone’s Western-style town in Almería goes up for sale",https://english.elpais.com/culture/2026-09-21/a-sheriffs-office-saloon-and-gallows-sergio-leones-western-style-town-in-almeria-goes-up-for-sale.html
Three of the four Afghans who left the country to play the Chess Olympiad are detained in Kabul and face uncertain fate,https://english.elpais.com/sports/2026-09-29/three-of-the-four-afghans-who-left-the-country-to-play-the-chess-olympiad-are-detained-in-kabul-and-face-uncertain-fate.html
"Zhang Ziyu, the 2.23-meter World Cup sensation",https://english.elpais.com/sports/2026-09-09/zhang-ziyu-the-223-meter-world-cup-sensation.html
